{"username": "kmy", "user_id": 2, "created_at": 1760536425.0020747, "last_activity": 1760536544.729792}