{"username": "kmy", "user_id": 2, "created_at": 1760534864.3936415, "last_activity": 1760535486.0214808}