{"username": "kmy", "user_id": 2, "created_at": 1760533381.0008256, "last_activity": 1760533537.8743231}