{"username": "dani", "user_id": 1, "created_at": 1760533313.6135826, "last_activity": 1760533370.2968762}