{"username": "dani", "user_id": 1, "created_at": 1760531769.407747, "last_activity": 1760531787.0837953}