{"username": "dani", "user_id": 1, "created_at": 1760534384.6043174, "last_activity": 1760534883.4280457}