{"username": "kmy", "user_id": 2, "created_at": 1760534370.3875153, "last_activity": 1760534853.3765266}