{"username": "dani", "user_id": 1, "created_at": 1760532726.1652606, "last_activity": 1760533014.377614}