{"username": "dani", "user_id": 1, "created_at": 1760533549.935237, "last_activity": 1760533652.4804854}