{"username": "dani", "user_id": 1, "created_at": 1760532022.846054, "last_activity": 1760532040.5145047}