{"username": "dani", "user_id": 1, "created_at": 1760532348.6669633, "last_activity": 1760532366.3716142}