{"username": "dani", "user_id": 1, "created_at": 1760536404.6933577, "last_activity": 1760536858.716038}