{"username": "dani", "user_id": 1, "created_at": 1760528094.0198674, "last_activity": 1760528120.2948875}