{"username": "dani", "user_id": 1, "created_at": 1760531161.7481825, "last_activity": 1760531211.0969682}