{"username": "dani", "user_id": 1, "created_at": 1760540652.2436106, "last_activity": 1760540652.972832}