{"username": "dani", "user_id": 1, "created_at": 1760528483.1616473, "last_activity": 1760529903.859439}