{"username": "kmy", "user_id": 2, "created_at": 1760533133.63237, "last_activity": 1760533303.3504107}