{"username": "dani", "user_id": 1, "created_at": 1760534891.0061038, "last_activity": 1760536415.4036329}